antecedent,consequent,support,confidence,lift,antecedent_name,consequent_name
82482,82494L,0.033972476535959,0.644808743169399,10.378492532551391,WOODEN PICTURE FRAME WHITE FINISH,WOODEN FRAME ANTIQUE WHITE 
82494L,82482,0.033972476535959,0.5468025949953661,10.378492532551391,WOODEN FRAME ANTIQUE WHITE ,WOODEN PICTURE FRAME WHITE FINISH
22112,22114,0.026314274198191972,0.5129068462401796,9.337162682026413,CHOCOLATE HOT WATER BOTTLE,HOT WATER BOTTLE TEA AND SYMPATHY
22114,22112,0.026314274198191972,0.4790356394129979,9.337162682026413,HOT WATER BOTTLE TEA AND SYMPATHY,CHOCOLATE HOT WATER BOTTLE
21231,21232,0.04358841480969655,0.7926701570680629,8.950781936151527,SWEETHEART CERAMIC TRINKET BOX,STRAWBERRY CERAMIC TRINKET BOX
21232,21231,0.04358841480969655,0.49219765929778936,8.950781936151527,STRAWBERRY CERAMIC TRINKET BOX,SWEETHEART CERAMIC TRINKET BOX
22469,22470,0.03120861403811827,0.542,8.739938718662954,HEART OF WICKER SMALL,HEART OF WICKER LARGE
22470,22469,0.03120861403811827,0.5032497678737233,8.739938718662954,HEART OF WICKER LARGE,HEART OF WICKER SMALL
20726,20728,0.020383485921575403,0.4280532043530834,8.684579439252337,LUNCH BAG WOODLAND,LUNCH BAG CARS BLUE
20728,20726,0.020383485921575403,0.4135514018691589,8.684579439252337,LUNCH BAG CARS BLUE,LUNCH BAG WOODLAND
22382,22383,0.02671733747912708,0.49625668449197863,8.115338831988883,LUNCH BAG SPACEBOY DESIGN ,LUNCH BAG SUKI  DESIGN 
22383,22382,0.02671733747912708,0.4369114877589454,8.115338831988883,LUNCH BAG SUKI  DESIGN ,LUNCH BAG SPACEBOY DESIGN 
20728,22384,0.02170783670179075,0.44042056074766356,7.9509187926244005,LUNCH BAG CARS BLUE,LUNCH BAG PINK POLKADOTS
22384,20728,0.02170783670179075,0.3918918918918919,7.9509187926244005,LUNCH BAG PINK POLKADOTS,LUNCH BAG CARS BLUE
22382,22384,0.02268670466977601,0.4213903743315508,7.607366560307737,LUNCH BAG SPACEBOY DESIGN ,LUNCH BAG PINK POLKADOTS
22384,22382,0.02268670466977601,0.4095634095634096,7.607366560307737,LUNCH BAG PINK POLKADOTS,LUNCH BAG SPACEBOY DESIGN 
21175,21181,0.02078654920251051,0.42420681551116335,7.602889334347135,GIN + TONIC DIET METAL SIGN,PLEASE ONE PERSON METAL SIGN
21181,21175,0.02078654920251051,0.37254901960784315,7.602889334347135,PLEASE ONE PERSON METAL SIGN,GIN + TONIC DIET METAL SIGN
20726,20727,0.021880578107905797,0.45949214026602175,7.464920486435921,LUNCH BAG WOODLAND,LUNCH BAG  BLACK SKULL.
20727,20726,0.021880578107905797,0.35547240411599623,7.464920486435921,LUNCH BAG  BLACK SKULL.,LUNCH BAG WOODLAND
20728,22383,0.022398802326250935,0.4544392523364486,7.431493875072602,LUNCH BAG CARS BLUE,LUNCH BAG SUKI  DESIGN 
22383,20728,0.022398802326250935,0.3662900188323917,7.431493875072602,LUNCH BAG SUKI  DESIGN ,LUNCH BAG CARS BLUE
22382,20726,0.018886393735245005,0.3508021390374332,7.3668449197860975,LUNCH BAG SPACEBOY DESIGN ,LUNCH BAG WOODLAND
20726,22382,0.018886393735245005,0.3966142684401451,7.366844919786096,LUNCH BAG WOODLAND,LUNCH BAG SPACEBOY DESIGN 
20726,22384,0.019404617953590143,0.407496977025393,7.356548856548857,LUNCH BAG WOODLAND,LUNCH BAG PINK POLKADOTS
22384,20726,0.019404617953590143,0.3503118503118503,7.356548856548857,LUNCH BAG PINK POLKADOTS,LUNCH BAG WOODLAND
21977,84991,0.030805550757183164,0.5134357005758158,7.338961162057772,PACK OF 60 PINK PAISLEY CAKE CASES,60 TEATIME FAIRY CAKE CASES
84991,21977,0.030805550757183164,0.4403292181069959,7.338961162057771,60 TEATIME FAIRY CAKE CASES,PACK OF 60 PINK PAISLEY CAKE CASES
21754,21755,0.03316634997408879,0.44685802948021724,7.266463855789263,HOME BUILDING BLOCK WORD,LOVE BUILDING BLOCK WORD
21755,21754,0.03316634997408879,0.5393258426966292,7.2664638557892625,LOVE BUILDING BLOCK WORD,HOME BUILDING BLOCK WORD
22384,22383,0.02441411873092647,0.4407484407484408,7.207606563538768,LUNCH BAG PINK POLKADOTS,LUNCH BAG SUKI  DESIGN 
22383,22384,0.02441411873092647,0.3992467043314501,7.207606563538767,LUNCH BAG SUKI  DESIGN ,LUNCH BAG PINK POLKADOTS
22386,85099F,0.023492831231646225,0.41295546558704455,7.164632937912291,JUMBO BAG PINK POLKADOT,JUMBO BAG STRAWBERRY
85099F,22386,0.023492831231646225,0.4075924075924076,7.16463293791229,JUMBO BAG STRAWBERRY,JUMBO BAG PINK POLKADOT
22382,20728,0.01859849139171993,0.34545454545454546,7.008772302463892,LUNCH BAG SPACEBOY DESIGN ,LUNCH BAG CARS BLUE
20728,22382,0.01859849139171993,0.3773364485981308,7.008772302463891,LUNCH BAG CARS BLUE,LUNCH BAG SPACEBOY DESIGN 
20725,20726,0.02694765935394714,0.3330960854092527,6.9950177935943065,LUNCH BAG RED RETROSPOT,LUNCH BAG WOODLAND
20726,20725,0.02694765935394714,0.56590084643289,6.9950177935943065,LUNCH BAG WOODLAND,LUNCH BAG RED RETROSPOT
20726,22383,0.020095583578050327,0.42200725513905685,6.901129943502825,LUNCH BAG WOODLAND,LUNCH BAG SUKI  DESIGN 
22383,20726,0.020095583578050327,0.3286252354048964,6.901129943502825,LUNCH BAG SUKI  DESIGN ,LUNCH BAG WOODLAND
20727,22384,0.02343525076294121,0.3807296538821328,6.873317982298338,LUNCH BAG  BLACK SKULL.,LUNCH BAG PINK POLKADOTS
22384,20727,0.02343525076294121,0.4230769230769231,6.873317982298337,LUNCH BAG PINK POLKADOTS,LUNCH BAG  BLACK SKULL.
20727,20728,0.02078654920251051,0.3376987839101964,6.851419135710726,LUNCH BAG  BLACK SKULL.,LUNCH BAG CARS BLUE
20728,20727,0.02078654920251051,0.4217289719626168,6.851419135710726,LUNCH BAG CARS BLUE,LUNCH BAG  BLACK SKULL.
22111,22112,0.019001554672655036,0.3492063492063492,6.806584362139917,SCOTTIE DOG HOT WATER BOTTLE,CHOCOLATE HOT WATER BOTTLE
22112,22111,0.019001554672655036,0.37037037037037035,6.806584362139917,CHOCOLATE HOT WATER BOTTLE,SCOTTIE DOG HOT WATER BOTTLE
20727,22382,0.022456382794955952,0.3648269410664172,6.776416562032586,LUNCH BAG  BLACK SKULL.,LUNCH BAG SPACEBOY DESIGN 
22382,20727,0.022456382794955952,0.41711229946524064,6.776416562032585,LUNCH BAG SPACEBOY DESIGN ,LUNCH BAG  BLACK SKULL.
22384,20725,0.030172165601427995,0.5446985446985447,6.732939235430339,LUNCH BAG PINK POLKADOTS,LUNCH BAG RED RETROSPOT
20725,22384,0.030172165601427995,0.37295373665480425,6.732939235430338,LUNCH BAG RED RETROSPOT,LUNCH BAG PINK POLKADOTS
85099C,85099F,0.02067138826510048,0.3851931330472103,6.682966175455446,JUMBO  BAG BAROQUE BLACK WHITE,JUMBO BAG STRAWBERRY
85099F,85099C,0.02067138826510048,0.35864135864135865,6.682966175455446,JUMBO BAG STRAWBERRY,JUMBO  BAG BAROQUE BLACK WHITE
21931,85099F,0.02487476248056659,0.3829787234042553,6.644546942419283,JUMBO STORAGE BAG SUKI,JUMBO BAG STRAWBERRY
85099F,21931,0.02487476248056659,0.43156843156843155,6.644546942419282,JUMBO BAG STRAWBERRY,JUMBO STORAGE BAG SUKI
20725,20728,0.026199113260781944,0.3238434163701068,6.570313799181828,LUNCH BAG RED RETROSPOT,LUNCH BAG CARS BLUE
20728,20725,0.026199113260781944,0.5315420560747663,6.570313799181827,LUNCH BAG CARS BLUE,LUNCH BAG RED RETROSPOT
20727,20725,0.03253296481833362,0.5285313376987839,6.53309874862262,LUNCH BAG  BLACK SKULL.,LUNCH BAG RED RETROSPOT
20725,20727,0.03253296481833362,0.40213523131672596,6.533098748622619,LUNCH BAG RED RETROSPOT,LUNCH BAG  BLACK SKULL.
22386,22411,0.021650256233085738,0.3805668016194332,6.530932454273415,JUMBO BAG PINK POLKADOT,JUMBO SHOPPER VINTAGE RED PAISLEY
22411,22386,0.021650256233085738,0.3715415019762846,6.530932454273415,JUMBO SHOPPER VINTAGE RED PAISLEY,JUMBO BAG PINK POLKADOT
21212,21977,0.03656359762768469,0.39004914004914004,6.5009437766155616,PACK OF 72 RETROSPOT CAKE CASES,PACK OF 60 PINK PAISLEY CAKE CASES
21977,21212,0.03656359762768469,0.6094049904030711,6.5009437766155616,PACK OF 60 PINK PAISLEY CAKE CASES,PACK OF 72 RETROSPOT CAKE CASES
20727,22383,0.024356538262221453,0.39569691300280635,6.4708740942747065,LUNCH BAG  BLACK SKULL.,LUNCH BAG SUKI  DESIGN 
22383,20727,0.024356538262221453,0.3983050847457627,6.470874094274706,LUNCH BAG SUKI  DESIGN ,LUNCH BAG  BLACK SKULL.
21212,84991,0.04053664996833074,0.43243243243243246,6.181114447781115,PACK OF 72 RETROSPOT CAKE CASES,60 TEATIME FAIRY CAKE CASES
84991,21212,0.04053664996833074,0.5794238683127572,6.1811144477811135,60 TEATIME FAIRY CAKE CASES,PACK OF 72 RETROSPOT CAKE CASES
85099B,85099F,0.037081821846029824,0.3534577387486279,6.132368180666754,JUMBO BAG RED RETROSPOT,JUMBO BAG STRAWBERRY
85099F,85099B,0.037081821846029824,0.6433566433566433,6.132368180666753,JUMBO BAG STRAWBERRY,JUMBO BAG RED RETROSPOT
21931,22386,0.022513963263660966,0.3466312056737589,6.093060879490051,JUMBO STORAGE BAG SUKI,JUMBO BAG PINK POLKADOT
22386,21931,0.022513963263660966,0.395748987854251,6.09306087949005,JUMBO BAG PINK POLKADOT,JUMBO STORAGE BAG SUKI
21931,85099C,0.02101687107733057,0.32358156028368795,6.029657679663958,JUMBO STORAGE BAG SUKI,JUMBO  BAG BAROQUE BLACK WHITE
85099C,21931,0.02101687107733057,0.3916309012875536,6.029657679663957,JUMBO  BAG BAROQUE BLACK WHITE,JUMBO STORAGE BAG SUKI
20725,22383,0.02890539528991766,0.3572953736654804,5.842889599292278,LUNCH BAG RED RETROSPOT,LUNCH BAG SUKI  DESIGN 
22383,20725,0.02890539528991766,0.4726930320150659,5.842889599292278,LUNCH BAG SUKI  DESIGN ,LUNCH BAG RED RETROSPOT
22111,22114,0.017331721080209594,0.31851851851851853,5.798439319822967,SCOTTIE DOG HOT WATER BOTTLE,HOT WATER BOTTLE TEA AND SYMPATHY
22114,22111,0.017331721080209594,0.31551362683438156,5.798439319822967,HOT WATER BOTTLE TEA AND SYMPATHY,SCOTTIE DOG HOT WATER BOTTLE
22386,85099C,0.017677203892439684,0.3107287449392713,5.7901567739917645,JUMBO BAG PINK POLKADOT,JUMBO  BAG BAROQUE BLACK WHITE
85099C,22386,0.017677203892439684,0.3293991416309013,5.790156773991764,JUMBO  BAG BAROQUE BLACK WHITE,JUMBO BAG PINK POLKADOT
22411,21931,0.021650256233085738,0.3715415019762846,5.720355731225297,JUMBO SHOPPER VINTAGE RED PAISLEY,JUMBO STORAGE BAG SUKI
21931,22411,0.021650256233085738,0.3333333333333333,5.720355731225296,JUMBO STORAGE BAG SUKI,JUMBO SHOPPER VINTAGE RED PAISLEY
22386,85099B,0.03385731559854897,0.5951417004048583,5.672791389095045,JUMBO BAG PINK POLKADOT,JUMBO BAG RED RETROSPOT
85099B,22386,0.03385731559854897,0.3227222832052689,5.672791389095045,JUMBO BAG RED RETROSPOT,JUMBO BAG PINK POLKADOT
22382,20725,0.024356538262221453,0.45240641711229945,5.592129712447904,LUNCH BAG SPACEBOY DESIGN ,LUNCH BAG RED RETROSPOT
20725,22382,0.024356538262221453,0.301067615658363,5.592129712447903,LUNCH BAG RED RETROSPOT,LUNCH BAG SPACEBOY DESIGN 
22411,85099C,0.017389301548914608,0.2984189723320158,5.560774991942187,JUMBO SHOPPER VINTAGE RED PAISLEY,JUMBO  BAG BAROQUE BLACK WHITE
85099C,22411,0.017389301548914608,0.3240343347639485,5.560774991942187,JUMBO  BAG BAROQUE BLACK WHITE,JUMBO SHOPPER VINTAGE RED PAISLEY
22411,85099F,0.018425749985604884,0.31620553359683795,5.486055446529755,JUMBO SHOPPER VINTAGE RED PAISLEY,JUMBO BAG STRAWBERRY
85099F,22411,0.018425749985604884,0.3196803196803197,5.486055446529755,JUMBO BAG STRAWBERRY,JUMBO SHOPPER VINTAGE RED PAISLEY
22384,22386,0.016928657799274487,0.30561330561330563,5.372050889257367,LUNCH BAG PINK POLKADOTS,JUMBO BAG PINK POLKADOT
22386,22384,0.016928657799274487,0.2975708502024291,5.372050889257367,JUMBO BAG PINK POLKADOT,LUNCH BAG PINK POLKADOTS
85099B,85099C,0.029941843726607936,0.2854006586169045,5.318190169742254,JUMBO BAG RED RETROSPOT,JUMBO  BAG BAROQUE BLACK WHITE
85099C,85099B,0.029941843726607936,0.5579399141630901,5.318190169742253,JUMBO  BAG BAROQUE BLACK WHITE,JUMBO BAG RED RETROSPOT
85099B,21931,0.03466344216041919,0.33040614709110866,5.087024429549011,JUMBO BAG RED RETROSPOT,JUMBO STORAGE BAG SUKI
21931,85099B,0.03466344216041919,0.5336879432624113,5.08702442954901,JUMBO STORAGE BAG SUKI,JUMBO BAG RED RETROSPOT
21931,22383,0.02003800310934531,0.30851063829787234,5.04510758504628,JUMBO STORAGE BAG SUKI,LUNCH BAG SUKI  DESIGN 
22383,21931,0.02003800310934531,0.327683615819209,5.045107585046279,LUNCH BAG SUKI  DESIGN ,JUMBO STORAGE BAG SUKI
20724,20725,0.02026832498416537,0.3995459704880817,4.9387294444601535,RED RETROSPOT CHARLOTTE BAG,LUNCH BAG RED RETROSPOT
20725,20724,0.02026832498416537,0.2505338078291815,4.938729444460153,LUNCH BAG RED RETROSPOT,RED RETROSPOT CHARLOTTE BAG
20724,20726,0.01191915702193816,0.23496027241770714,4.93416572077185,RED RETROSPOT CHARLOTTE BAG,LUNCH BAG WOODLAND
20726,20724,0.01191915702193816,0.2503022974607013,4.9341657207718495,LUNCH BAG WOODLAND,RED RETROSPOT CHARLOTTE BAG
20685,48138,0.015373985144239074,0.2804621848739496,4.77996738440224,DOORMAT RED RETROSPOT,DOORMAT UNION FLAG
48138,20685,0.015373985144239074,0.2620215897939156,4.77996738440224,DOORMAT UNION FLAG,DOORMAT RED RETROSPOT
22139,22138,0.013185927333448495,0.2265084075173096,4.711103608806127,RETROSPOT TEA SET CERAMIC 11 PC ,BAKING SET 9 PIECE RETROSPOT 
22138,22139,0.013185927333448495,0.274251497005988,4.711103608806126,BAKING SET 9 PIECE RETROSPOT ,RETROSPOT TEA SET CERAMIC 11 PC 
20724,21931,0.015143663269419013,0.2985244040862656,4.596164295891999,RED RETROSPOT CHARLOTTE BAG,JUMBO STORAGE BAG SUKI
21931,20724,0.015143663269419013,0.23315602836879432,4.596164295891999,JUMBO STORAGE BAG SUKI,RED RETROSPOT CHARLOTTE BAG
20724,20728,0.011400932803593021,0.22474460839954596,4.559742539807144,RED RETROSPOT CHARLOTTE BAG,LUNCH BAG CARS BLUE
20728,20724,0.011400932803593021,0.23130841121495327,4.559742539807143,LUNCH BAG CARS BLUE,RED RETROSPOT CHARLOTTE BAG
22411,85099B,0.02735072263488225,0.46936758893280633,4.473933543905624,JUMBO SHOPPER VINTAGE RED PAISLEY,JUMBO BAG RED RETROSPOT
85099B,22411,0.02735072263488225,0.26070252469813393,4.473933543905624,JUMBO BAG RED RETROSPOT,JUMBO SHOPPER VINTAGE RED PAISLEY
20724,20727,0.013876892957908678,0.2735527809307605,4.444145132296088,RED RETROSPOT CHARLOTTE BAG,LUNCH BAG  BLACK SKULL.
20727,20724,0.013876892957908678,0.225444340505145,4.444145132296088,LUNCH BAG  BLACK SKULL.,RED RETROSPOT CHARLOTTE BAG
20724,22383,0.013704151551793631,0.27014755959137343,4.417752040888307,RED RETROSPOT CHARLOTTE BAG,LUNCH BAG SUKI  DESIGN 
22383,20724,0.013704151551793631,0.224105461393597,4.417752040888307,LUNCH BAG SUKI  DESIGN ,RED RETROSPOT CHARLOTTE BAG
20724,22384,0.012207059365463235,0.24063564131668558,4.344198734664115,RED RETROSPOT CHARLOTTE BAG,LUNCH BAG PINK POLKADOTS
22384,20724,0.012207059365463235,0.2203742203742204,4.344198734664115,LUNCH BAG PINK POLKADOTS,RED RETROSPOT CHARLOTTE BAG
21080,21212,0.025105084355386654,0.40671641791044777,4.338724834060655,SET/20 RED RETROSPOT PAPER NAPKINS ,PACK OF 72 RETROSPOT CAKE CASES
21212,21080,0.025105084355386654,0.2678132678132678,4.338724834060655,PACK OF 72 RETROSPOT CAKE CASES,SET/20 RED RETROSPOT PAPER NAPKINS 
21931,20728,0.013416249208268555,0.20656028368794327,4.190808933187513,JUMBO STORAGE BAG SUKI,LUNCH BAG CARS BLUE
20728,21931,0.013416249208268555,0.272196261682243,4.190808933187512,LUNCH BAG CARS BLUE,JUMBO STORAGE BAG SUKI
20726,21931,0.012840444521218403,0.26964933494558646,4.151595744680851,LUNCH BAG WOODLAND,JUMBO STORAGE BAG SUKI
22383,22386,0.014337536707548799,0.2344632768361582,4.121380292321416,LUNCH BAG SUKI  DESIGN ,JUMBO BAG PINK POLKADOT
22386,22383,0.014337536707548799,0.2520242914979757,4.121380292321416,JUMBO BAG PINK POLKADOT,LUNCH BAG SUKI  DESIGN 
84836,84970S,0.010134162492082686,0.20346820809248556,4.118452645620276,ZINC METAL HEART DECORATION,HANGING HEART ZINC T-LIGHT HOLDER
84970S,84836,0.010134162492082686,0.20512820512820512,4.118452645620276,HANGING HEART ZINC T-LIGHT HOLDER,ZINC METAL HEART DECORATION
20724,21212,0.019462198422295157,0.3836549375709421,4.092712101225154,RED RETROSPOT CHARLOTTE BAG,PACK OF 72 RETROSPOT CAKE CASES
21212,20724,0.019462198422295157,0.2076167076167076,4.092712101225154,PACK OF 72 RETROSPOT CAKE CASES,RED RETROSPOT CHARLOTTE BAG
20724,21977,0.012437381240283296,0.24517593643586832,4.086344038466147,RED RETROSPOT CHARLOTTE BAG,PACK OF 60 PINK PAISLEY CAKE CASES
21977,20724,0.012437381240283296,0.2072936660268714,4.086344038466147,PACK OF 60 PINK PAISLEY CAKE CASES,RED RETROSPOT CHARLOTTE BAG
20724,21231,0.011228191397477976,0.2213393870601589,4.025132078611287,RED RETROSPOT CHARLOTTE BAG,SWEETHEART CERAMIC TRINKET BOX
21231,20724,0.011228191397477976,0.20418848167539266,4.025132078611287,SWEETHEART CERAMIC TRINKET BOX,RED RETROSPOT CHARLOTTE BAG
21733,85123A,0.042206483560776185,0.7264618434093162,4.024390058848355,RED HANGING HEART T-LIGHT HOLDER,WHITE HANGING HEART T-LIGHT HOLDER
85123A,21733,0.042206483560776185,0.23381180223285486,4.024390058848355,WHITE HANGING HEART T-LIGHT HOLDER,RED HANGING HEART T-LIGHT HOLDER
20724,85099F,0.011746415615823113,0.23155505107832008,4.017399172904281,RED RETROSPOT CHARLOTTE BAG,JUMBO BAG STRAWBERRY
85099F,20724,0.011746415615823113,0.2037962037962038,4.01739917290428,JUMBO BAG STRAWBERRY,RED RETROSPOT CHARLOTTE BAG
21080,21977,0.014798180457188921,0.23973880597014927,3.9957234580456644,SET/20 RED RETROSPOT PAPER NAPKINS ,PACK OF 60 PINK PAISLEY CAKE CASES
21977,21080,0.014798180457188921,0.24664107485604606,3.995723458045664,PACK OF 60 PINK PAISLEY CAKE CASES,SET/20 RED RETROSPOT PAPER NAPKINS 
20724,22197,0.010364484366902746,0.2043132803632236,3.925120287685956,RED RETROSPOT CHARLOTTE BAG,SMALL POPCORN HOLDER
20724,21232,0.017446882017619625,0.3439273552780931,3.8836062282930057,RED RETROSPOT CHARLOTTE BAG,STRAWBERRY CERAMIC TRINKET BOX
21931,22384,0.013876892957908678,0.21365248226950354,3.8570713716990315,JUMBO STORAGE BAG SUKI,LUNCH BAG PINK POLKADOTS
22384,21931,0.013876892957908678,0.2505197505197505,3.857071371699031,LUNCH BAG PINK POLKADOTS,JUMBO STORAGE BAG SUKI
20726,85099F,0.010479645304312777,0.22007255139056833,3.818181818181819,LUNCH BAG WOODLAND,JUMBO BAG STRAWBERRY
21931,20725,0.01980768123452525,0.3049645390070922,3.7696221700613313,JUMBO STORAGE BAG SUKI,LUNCH BAG RED RETROSPOT
20725,21931,0.01980768123452525,0.24483985765124555,3.769622170061331,LUNCH BAG RED RETROSPOT,JUMBO STORAGE BAG SUKI
22197,21231,0.010767547647837853,0.206858407079646,3.761790529583468,SMALL POPCORN HOLDER,SWEETHEART CERAMIC TRINKET BOX
20724,85099B,0.019980422640640295,0.3938706015891033,3.75430885718878,RED RETROSPOT CHARLOTTE BAG,JUMBO BAG RED RETROSPOT
22384,85099F,0.011976737490643173,0.21621621621621623,3.7512757512757515,LUNCH BAG PINK POLKADOTS,JUMBO BAG STRAWBERRY
85099F,22384,0.011976737490643173,0.2077922077922078,3.7512757512757515,JUMBO BAG STRAWBERRY,LUNCH BAG PINK POLKADOTS
20724,85099C,0.010191742960787701,0.20090805902383654,3.743744915307907,RED RETROSPOT CHARLOTTE BAG,JUMBO  BAG BAROQUE BLACK WHITE
20724,22386,0.010767547647837853,0.2122587968217934,3.7310713809757954,RED RETROSPOT CHARLOTTE BAG,JUMBO BAG PINK POLKADOT
22383,22411,0.01324350780215351,0.21657250470809794,3.7166153055983564,LUNCH BAG SUKI  DESIGN ,JUMBO SHOPPER VINTAGE RED PAISLEY
22411,22383,0.01324350780215351,0.22727272727272727,3.7166153055983564,JUMBO SHOPPER VINTAGE RED PAISLEY,LUNCH BAG SUKI  DESIGN 
22112,21181,0.010537225773017793,0.2053872053872054,3.6810728544474673,CHOCOLATE HOT WATER BOTTLE,PLEASE ONE PERSON METAL SIGN
21080,84991,0.015834628893879196,0.25652985074626866,3.666793348074443,SET/20 RED RETROSPOT PAPER NAPKINS ,60 TEATIME FAIRY CAKE CASES
84991,21080,0.015834628893879196,0.22633744855967078,3.666793348074443,60 TEATIME FAIRY CAKE CASES,SET/20 RED RETROSPOT PAPER NAPKINS 
20727,21931,0.014625439051073877,0.23760523854069224,3.6582359731703917,LUNCH BAG  BLACK SKULL.,JUMBO STORAGE BAG SUKI
21931,20727,0.014625439051073877,0.225177304964539,3.6582359731703917,JUMBO STORAGE BAG SUKI,LUNCH BAG  BLACK SKULL.
22384,22411,0.011688835147118097,0.21101871101871103,3.621306278914975,LUNCH BAG PINK POLKADOTS,JUMBO SHOPPER VINTAGE RED PAISLEY
22411,22384,0.011688835147118097,0.20059288537549408,3.621306278914975,JUMBO SHOPPER VINTAGE RED PAISLEY,LUNCH BAG PINK POLKADOTS
20724,84991,0.012725283583808372,0.2508513053348468,3.585625201440563,RED RETROSPOT CHARLOTTE BAG,60 TEATIME FAIRY CAKE CASES
20724,22411,0.010537225773017793,0.20771850170261066,3.564671165088181,RED RETROSPOT CHARLOTTE BAG,JUMBO SHOPPER VINTAGE RED PAISLEY
20725,22386,0.016352853112224335,0.20213523131672598,3.553120002305243,LUNCH BAG RED RETROSPOT,JUMBO BAG PINK POLKADOT
22386,20725,0.016352853112224335,0.2874493927125506,3.553120002305243,JUMBO BAG PINK POLKADOT,LUNCH BAG RED RETROSPOT
22383,85099F,0.012494961708988311,0.20433145009416195,3.54507921457074,LUNCH BAG SUKI  DESIGN ,JUMBO BAG STRAWBERRY
85099F,22383,0.012494961708988311,0.21678321678321677,3.5450792145707397,JUMBO BAG STRAWBERRY,LUNCH BAG SUKI  DESIGN 
20724,21080,0.010882708585247884,0.21452894438138478,3.4754889711487964,RED RETROSPOT CHARLOTTE BAG,SET/20 RED RETROSPOT PAPER NAPKINS 
21843,20914,0.010767547647837853,0.20870535714285715,3.4258846290170135,RED RETROSPOT CAKE STAND,SET/5 RED RETROSPOT LID GLASS BOWLS
21843,21212,0.016468014049634366,0.31919642857142855,3.405088682432432,RED RETROSPOT CAKE STAND,PACK OF 72 RETROSPOT CAKE CASES
20725,85099B,0.02879023435250763,0.35587188612099646,3.3921114414178626,LUNCH BAG RED RETROSPOT,JUMBO BAG RED RETROSPOT
85099B,20725,0.02879023435250763,0.27442371020856204,3.3921114414178626,JUMBO BAG RED RETROSPOT,LUNCH BAG RED RETROSPOT
21231,84991,0.012955605458628434,0.2356020942408377,3.367655613728912,SWEETHEART CERAMIC TRINKET BOX,60 TEATIME FAIRY CAKE CASES
20726,84991,0.011113030460067945,0.23337363966142685,3.335802469135803,LUNCH BAG WOODLAND,60 TEATIME FAIRY CAKE CASES
85099F,20725,0.01554672655035412,0.26973026973026976,3.334096508473733,JUMBO BAG STRAWBERRY,LUNCH BAG RED RETROSPOT
21232,84991,0.020325905452870385,0.229518855656697,3.280702852831158,STRAWBERRY CERAMIC TRINKET BOX,60 TEATIME FAIRY CAKE CASES
84991,21232,0.020325905452870385,0.2905349794238683,3.280702852831158,60 TEATIME FAIRY CAKE CASES,STRAWBERRY CERAMIC TRINKET BOX
20914,21212,0.01859849139171993,0.3052930056710775,3.256771271185259,SET/5 RED RETROSPOT LID GLASS BOWLS,PACK OF 72 RETROSPOT CAKE CASES
22382,21931,0.011343352334888005,0.2106951871657754,3.2439213789964727,LUNCH BAG SPACEBOY DESIGN ,JUMBO STORAGE BAG SUKI
85099C,20725,0.013761732020498647,0.25643776824034337,3.1697898370320594,JUMBO  BAG BAROQUE BLACK WHITE,LUNCH BAG RED RETROSPOT
20914,20725,0.015316404675534058,0.2514177693761815,3.1077383635275044,SET/5 RED RETROSPOT LID GLASS BOWLS,LUNCH BAG RED RETROSPOT
22411,20725,0.01445269764495883,0.24802371541501977,3.0657849577314225,JUMBO SHOPPER VINTAGE RED PAISLEY,LUNCH BAG RED RETROSPOT
22383,85099B,0.01957735935970519,0.32015065913371,3.051622665848047,LUNCH BAG SUKI  DESIGN ,JUMBO BAG RED RETROSPOT
22197,21212,0.014798180457188921,0.2842920353982301,3.032739421843404,SMALL POPCORN HOLDER,PACK OF 72 RETROSPOT CAKE CASES
22384,85099B,0.01761962342373467,0.3180873180873181,3.0319552432615002,LUNCH BAG PINK POLKADOTS,JUMBO BAG RED RETROSPOT
20726,21212,0.013531410145678586,0.2841596130592503,3.031326781326781,LUNCH BAG WOODLAND,PACK OF 72 RETROSPOT CAKE CASES
21977,21232,0.01589220936258421,0.2648752399232246,2.9909546760381285,PACK OF 60 PINK PAISLEY CAKE CASES,STRAWBERRY CERAMIC TRINKET BOX
20726,85099B,0.014855760925893937,0.31197097944377267,2.973655323819978,LUNCH BAG WOODLAND,JUMBO BAG RED RETROSPOT
21212,20725,0.022456382794955952,0.23955773955773957,2.9611382654087284,PACK OF 72 RETROSPOT CAKE CASES,LUNCH BAG RED RETROSPOT
20725,21212,0.022456382794955952,0.2775800711743772,2.961138265408728,LUNCH BAG RED RETROSPOT,PACK OF 72 RETROSPOT CAKE CASES
84836,84879,0.011228191397477976,0.2254335260115607,2.9503421599418043,ZINC METAL HEART DECORATION,ASSORTED COLOUR BIRD ORNAMENT
20728,85099B,0.015143663269419013,0.3072429906542056,2.928588923540938,LUNCH BAG CARS BLUE,JUMBO BAG RED RETROSPOT
84946,84879,0.011228191397477976,0.22234891676168758,2.909972597890149,ANTIQUE SILVER TEA GLASS ETCHED,ASSORTED COLOUR BIRD ORNAMENT
22197,21232,0.01335866873956354,0.25663716814159293,2.897930883689886,SMALL POPCORN HOLDER,STRAWBERRY CERAMIC TRINKET BOX
21080,20725,0.014395117176253814,0.2332089552238806,2.882661868592978,SET/20 RED RETROSPOT PAPER NAPKINS ,LUNCH BAG RED RETROSPOT
21231,21212,0.014740599988483906,0.2680628272251309,2.859611253328531,SWEETHEART CERAMIC TRINKET BOX,PACK OF 72 RETROSPOT CAKE CASES
21212,21232,0.023607992169056256,0.25184275184275184,2.843792634104728,PACK OF 72 RETROSPOT CAKE CASES,STRAWBERRY CERAMIC TRINKET BOX
21232,21212,0.023607992169056256,0.2665799739921977,2.843792634104728,STRAWBERRY CERAMIC TRINKET BOX,PACK OF 72 RETROSPOT CAKE CASES
84946,21754,0.010652386710427822,0.21094640820980615,2.8421305441270004,ANTIQUE SILVER TEA GLASS ETCHED,HOME BUILDING BLOCK WORD
21175,21232,0.012034317959348189,0.245593419506463,2.7732255634387144,GIN + TONIC DIET METAL SIGN,STRAWBERRY CERAMIC TRINKET BOX
21843,22423,0.014740599988483906,0.2857142857142857,2.7459878251245153,RED RETROSPOT CAKE STAND,REGENCY CAKESTAND 3 TIER
47566,21212,0.014107214832728738,0.25735294117647056,2.7453615045526805,PARTY BUNTING,PACK OF 72 RETROSPOT CAKE CASES
82482,85123A,0.026083952323371913,0.49508196721311476,2.7426119695662403,WOODEN PICTURE FRAME WHITE FINISH,WHITE HANGING HEART T-LIGHT HOLDER
21931,21212,0.016583174987044393,0.2553191489361702,2.7236656385592553,JUMBO STORAGE BAG SUKI,PACK OF 72 RETROSPOT CAKE CASES
21977,20725,0.013013185927333448,0.21689059500959693,2.680952998954925,PACK OF 60 PINK PAISLEY CAKE CASES,LUNCH BAG RED RETROSPOT
20727,85099B,0.017216560142799563,0.27970065481758655,2.6660599737744377,LUNCH BAG  BLACK SKULL.,JUMBO BAG RED RETROSPOT
84946,21232,0.01191915702193816,0.23603192702394526,2.6652577871423,ANTIQUE SILVER TEA GLASS ETCHED,STRAWBERRY CERAMIC TRINKET BOX
21080,21232,0.014510278113663845,0.23507462686567165,2.6544480135085307,SET/20 RED RETROSPOT PAPER NAPKINS ,STRAWBERRY CERAMIC TRINKET BOX
84991,20725,0.014970921863303968,0.2139917695473251,2.645121040376082,60 TEATIME FAIRY CAKE CASES,LUNCH BAG RED RETROSPOT
47566,21232,0.012840444521218403,0.2342436974789916,2.6450652107396926,PARTY BUNTING,STRAWBERRY CERAMIC TRINKET BOX
20726,21232,0.011113030460067945,0.23337363966142685,2.635240572171652,LUNCH BAG WOODLAND,STRAWBERRY CERAMIC TRINKET BOX
82494L,85123A,0.029423619508262798,0.4735866543095459,2.6235341069836946,WOODEN FRAME ANTIQUE WHITE ,WHITE HANGING HEART T-LIGHT HOLDER
20914,21232,0.014049634364023723,0.23062381852551986,2.604189763545321,SET/5 RED RETROSPOT LID GLASS BOWLS,STRAWBERRY CERAMIC TRINKET BOX
84946,21212,0.012322220302873265,0.24401368301026224,2.6030624280339216,ANTIQUE SILVER TEA GLASS ETCHED,PACK OF 72 RETROSPOT CAKE CASES
21790,21212,0.013301088270858524,0.2434141201264489,2.596666476803463,VINTAGE SNAP CARDS,PACK OF 72 RETROSPOT CAKE CASES
84970S,21212,0.011861576553233144,0.2400932400932401,2.5612403566949022,HANGING HEART ZINC T-LIGHT HOLDER,PACK OF 72 RETROSPOT CAKE CASES
21232,20725,0.018195428110784822,0.20546163849154747,2.539681335005484,STRAWBERRY CERAMIC TRINKET BOX,LUNCH BAG RED RETROSPOT
20725,21232,0.018195428110784822,0.22491103202846974,2.5396813350054837,LUNCH BAG RED RETROSPOT,STRAWBERRY CERAMIC TRINKET BOX
21231,20725,0.01128577186618299,0.20523560209424083,2.536887332078776,SWEETHEART CERAMIC TRINKET BOX,LUNCH BAG RED RETROSPOT
84970S,20725,0.010134162492082686,0.20512820512820512,2.535559813851629,HANGING HEART ZINC T-LIGHT HOLDER,LUNCH BAG RED RETROSPOT
22114,21232,0.012322220302873265,0.22431865828092243,2.532992287623394,HOT WATER BOTTLE TEA AND SYMPATHY,STRAWBERRY CERAMIC TRINKET BOX
21843,21232,0.011458513272298037,0.22209821428571427,2.507919172626788,RED RETROSPOT CAKE STAND,STRAWBERRY CERAMIC TRINKET BOX
22383,21212,0.014337536707548799,0.2344632768361582,2.50118165160538,LUNCH BAG SUKI  DESIGN ,PACK OF 72 RETROSPOT CAKE CASES
22382,85099B,0.014049634364023723,0.2609625668449198,2.4874516456617575,LUNCH BAG SPACEBOY DESIGN ,JUMBO BAG RED RETROSPOT
85099F,21212,0.01335866873956354,0.23176823176823177,2.472431745159018,JUMBO BAG STRAWBERRY,PACK OF 72 RETROSPOT CAKE CASES
20914,85099B,0.01566188748776415,0.2570888468809074,2.4505279932934787,SET/5 RED RETROSPOT LID GLASS BOWLS,JUMBO BAG RED RETROSPOT
20727,21212,0.014107214832728738,0.2291861552853134,2.4448869526044454,LUNCH BAG  BLACK SKULL.,PACK OF 72 RETROSPOT CAKE CASES
22138,21212,0.010997869522657914,0.22874251497005987,2.4401543350645145,BAKING SET 9 PIECE RETROSPOT ,PACK OF 72 RETROSPOT CAKE CASES
20685,85099B,0.013992053895318707,0.2552521008403361,2.433020436495125,DOORMAT RED RETROSPOT,JUMBO BAG RED RETROSPOT
20685,21212,0.012494961708988311,0.22794117647058823,2.4316059040323745,DOORMAT RED RETROSPOT,PACK OF 72 RETROSPOT CAKE CASES
22197,85099B,0.013128346864743479,0.252212389380531,2.4040464140349513,SMALL POPCORN HOLDER,JUMBO BAG RED RETROSPOT
22149,21212,0.010767547647837853,0.2253012048192771,2.4034435037447084,FELTCRAFT 6 FLOWER FRIENDS,PACK OF 72 RETROSPOT CAKE CASES
21080,85099B,0.01554672655035412,0.251865671641791,2.4007415583990035,SET/20 RED RETROSPOT PAPER NAPKINS ,JUMBO BAG RED RETROSPOT
21231,22423,0.013704151551793631,0.24921465968586387,2.395191474689761,SWEETHEART CERAMIC TRINKET BOX,REGENCY CAKESTAND 3 TIER
22114,21212,0.012322220302873265,0.22431865828092243,2.392962001452567,HOT WATER BOTTLE TEA AND SYMPATHY,PACK OF 72 RETROSPOT CAKE CASES
84836,85123A,0.021477514826970693,0.43121387283236995,2.388801062035014,ZINC METAL HEART DECORATION,WHITE HANGING HEART T-LIGHT HOLDER
20728,21212,0.010940289053952898,0.2219626168224299,2.3678284805621255,LUNCH BAG CARS BLUE,PACK OF 72 RETROSPOT CAKE CASES
21212,85099B,0.02320492888812115,0.24754299754299755,2.359538550125817,PACK OF 72 RETROSPOT CAKE CASES,JUMBO BAG RED RETROSPOT
85099B,21212,0.02320492888812115,0.221185510428101,2.359538550125817,JUMBO BAG RED RETROSPOT,PACK OF 72 RETROSPOT CAKE CASES
84970S,85123A,0.02101687107733057,0.4254079254079254,2.356637780082756,HANGING HEART ZINC T-LIGHT HOLDER,WHITE HANGING HEART T-LIGHT HOLDER
21755,85123A,0.026141532792076927,0.4250936329588015,2.3548966901421067,LOVE BUILDING BLOCK WORD,WHITE HANGING HEART T-LIGHT HOLDER
21931,21232,0.013531410145678586,0.20833333333333334,2.35248699609883,JUMBO STORAGE BAG SUKI,STRAWBERRY CERAMIC TRINKET BOX
84946,22423,0.012322220302873265,0.24401368301026224,2.3452051094849056,ANTIQUE SILVER TEA GLASS ETCHED,REGENCY CAKESTAND 3 TIER
21790,21232,0.011343352334888005,0.20758693361433087,2.344058697061173,VINTAGE SNAP CARDS,STRAWBERRY CERAMIC TRINKET BOX
21175,21212,0.010709967179132838,0.21856639247943596,2.331598610682042,GIN + TONIC DIET METAL SIGN,PACK OF 72 RETROSPOT CAKE CASES
22086,21212,0.011573674209708068,0.2184782608695652,2.330658449951928,PAPER CHAIN KIT 50'S CHRISTMAS ,PACK OF 72 RETROSPOT CAKE CASES
20727,21232,0.012667703115103356,0.205799812909261,2.3238786416093213,LUNCH BAG  BLACK SKULL.,STRAWBERRY CERAMIC TRINKET BOX
47566,22423,0.01324350780215351,0.2415966386554622,2.3219749991861716,PARTY BUNTING,REGENCY CAKESTAND 3 TIER
85099F,21232,0.011803996084528128,0.2047952047952048,2.312534669491757,JUMBO BAG STRAWBERRY,STRAWBERRY CERAMIC TRINKET BOX
47566,85099B,0.01324350780215351,0.2415966386554622,2.3028588493575257,PARTY BUNTING,JUMBO BAG RED RETROSPOT
21977,22423,0.014337536707548799,0.23896353166986564,2.2966683201497267,PACK OF 60 PINK PAISLEY CAKE CASES,REGENCY CAKESTAND 3 TIER
22139,21212,0.01237980077157828,0.21266073194856577,2.2685988524267455,RETROSPOT TEA SET CERAMIC 11 PC ,PACK OF 72 RETROSPOT CAKE CASES
22384,21212,0.011688835147118097,0.21101871101871103,2.2510822814876867,LUNCH BAG PINK POLKADOTS,PACK OF 72 RETROSPOT CAKE CASES
84946,85099B,0.011803996084528128,0.233751425313569,2.2280795847534316,ANTIQUE SILVER TEA GLASS ETCHED,JUMBO BAG RED RETROSPOT
21231,85099B,0.012840444521218403,0.23350785340314137,2.225757897943115,SWEETHEART CERAMIC TRINKET BOX,JUMBO BAG RED RETROSPOT
21175,85099B,0.011400932803593021,0.23266745005875442,2.217747313485394,GIN + TONIC DIET METAL SIGN,JUMBO BAG RED RETROSPOT
22470,85123A,0.024702021074451547,0.3983286908077994,2.2066265943410057,HEART OF WICKER LARGE,WHITE HANGING HEART T-LIGHT HOLDER
22469,85123A,0.022801865607186042,0.396,2.1937263157894735,HEART OF WICKER SMALL,WHITE HANGING HEART T-LIGHT HOLDER
22111,21212,0.01117061092877296,0.2052910052910053,2.18998088998089,SCOTTIE DOG HOT WATER BOTTLE,PACK OF 72 RETROSPOT CAKE CASES
21977,85099B,0.013704151551793631,0.22840690978886757,2.1771365545023396,PACK OF 60 PINK PAISLEY CAKE CASES,JUMBO BAG RED RETROSPOT
22411,21212,0.011861576553233144,0.20355731225296442,2.171486389371765,JUMBO SHOPPER VINTAGE RED PAISLEY,PACK OF 72 RETROSPOT CAKE CASES
22386,21212,0.011458513272298037,0.201417004048583,2.148654244048981,JUMBO BAG PINK POLKADOT,PACK OF 72 RETROSPOT CAKE CASES
21754,85123A,0.028675073415097597,0.38634600465477115,2.140245953058823,HOME BUILDING BLOCK WORD,WHITE HANGING HEART T-LIGHT HOLDER
21175,85123A,0.018656071860424943,0.3807285546415981,2.10912689265092,GIN + TONIC DIET METAL SIGN,WHITE HANGING HEART T-LIGHT HOLDER
21232,85099B,0.01957735935970519,0.22106631989596878,2.1071672764178317,STRAWBERRY CERAMIC TRINKET BOX,JUMBO BAG RED RETROSPOT
84991,85099B,0.015373985144239074,0.21975308641975308,2.0946497540350446,60 TEATIME FAIRY CAKE CASES,JUMBO BAG RED RETROSPOT
84970S,85099B,0.010537225773017793,0.21328671328671328,2.0330133642427826,HANGING HEART ZINC T-LIGHT HOLDER,JUMBO BAG RED RETROSPOT
22469,22423,0.012034317959348189,0.209,2.0086900940785832,HEART OF WICKER SMALL,REGENCY CAKESTAND 3 TIER
21181,85123A,0.020210744515460354,0.3622291021671827,2.0066452367902587,PLEASE ONE PERSON METAL SIGN,WHITE HANGING HEART T-LIGHT HOLDER
22111,85099B,0.011343352334888005,0.20846560846560847,1.9870593974874984,SCOTTIE DOG HOT WATER BOTTLE,JUMBO BAG RED RETROSPOT
21790,85099B,0.011343352334888005,0.20758693361433087,1.9786840154116816,VINTAGE SNAP CARDS,JUMBO BAG RED RETROSPOT
22197,22423,0.010594806241722808,0.20353982300884957,1.956212565686049,SMALL POPCORN HOLDER,REGENCY CAKESTAND 3 TIER
21231,85123A,0.01905913514136005,0.34659685863874345,1.9200470953681203,SWEETHEART CERAMIC TRINKET BOX,WHITE HANGING HEART T-LIGHT HOLDER
21181,85099B,0.011228191397477976,0.20123839009287925,1.9181707578172524,PLEASE ONE PERSON METAL SIGN,JUMBO BAG RED RETROSPOT
84946,85123A,0.017446882017619625,0.34549600912200684,1.9139487050787536,ANTIQUE SILVER TEA GLASS ETCHED,WHITE HANGING HEART T-LIGHT HOLDER
20724,85123A,0.01710139920538953,0.337116912599319,1.8675309158253182,RED RETROSPOT CHARLOTTE BAG,WHITE HANGING HEART T-LIGHT HOLDER
21232,85123A,0.029826682789197905,0.3368010403120936,1.865781074035129,STRAWBERRY CERAMIC TRINKET BOX,WHITE HANGING HEART T-LIGHT HOLDER
84879,85123A,0.02475960154315656,0.3240391861341371,1.7950840655794447,ASSORTED COLOUR BIRD ORNAMENT,WHITE HANGING HEART T-LIGHT HOLDER
20726,85123A,0.015373985144239074,0.32285368802902054,1.788516746411483,LUNCH BAG WOODLAND,WHITE HANGING HEART T-LIGHT HOLDER
47566,85123A,0.017043818736684518,0.31092436974789917,1.7224317478187448,PARTY BUNTING,WHITE HANGING HEART T-LIGHT HOLDER
22111,85123A,0.01687107733056947,0.3100529100529101,1.7176041112883218,SCOTTIE DOG HOT WATER BOTTLE,WHITE HANGING HEART T-LIGHT HOLDER
84991,85123A,0.021362353889560662,0.30534979423868314,1.6915501998542934,60 TEATIME FAIRY CAKE CASES,WHITE HANGING HEART T-LIGHT HOLDER
22112,85123A,0.015143663269419013,0.2951739618406285,1.6351790096606682,CHOCOLATE HOT WATER BOTTLE,WHITE HANGING HEART T-LIGHT HOLDER
20725,85123A,0.02383831404387632,0.29466192170818506,1.6323424543240987,LUNCH BAG RED RETROSPOT,WHITE HANGING HEART T-LIGHT HOLDER
20685,85123A,0.01600737029999424,0.2920168067226891,1.6176892766676048,DOORMAT RED RETROSPOT,WHITE HANGING HEART T-LIGHT HOLDER
85099F,85123A,0.016813496861864455,0.2917082917082917,1.615980192056747,JUMBO BAG STRAWBERRY,WHITE HANGING HEART T-LIGHT HOLDER
22114,85123A,0.015777048425174182,0.28721174004192873,1.5910705867011725,HOT WATER BOTTLE TEA AND SYMPATHY,WHITE HANGING HEART T-LIGHT HOLDER
22384,85123A,0.015777048425174182,0.28482328482328484,1.5778392304708093,LUNCH BAG PINK POLKADOTS,WHITE HANGING HEART T-LIGHT HOLDER
20727,85123A,0.017389301548914608,0.2825070159027128,1.5650077656084254,LUNCH BAG  BLACK SKULL.,WHITE HANGING HEART T-LIGHT HOLDER
20914,85123A,0.01715897967409455,0.28166351606805295,1.5603350186774723,SET/5 RED RETROSPOT LID GLASS BOWLS,WHITE HANGING HEART T-LIGHT HOLDER
21212,85123A,0.026256693729486958,0.2800982800982801,1.5516640607549697,PACK OF 72 RETROSPOT CAKE CASES,WHITE HANGING HEART T-LIGHT HOLDER
48138,85123A,0.016352853112224335,0.2787046123650638,1.5439435416089513,DOORMAT UNION FLAG,WHITE HANGING HEART T-LIGHT HOLDER
22383,85123A,0.016928657799274487,0.2768361581920904,1.533592841889006,LUNCH BAG SUKI  DESIGN ,WHITE HANGING HEART T-LIGHT HOLDER
21977,85123A,0.01652559451833938,0.27543186180422263,1.525813443047507,PACK OF 60 PINK PAISLEY CAKE CASES,WHITE HANGING HEART T-LIGHT HOLDER
20728,85123A,0.013531410145678586,0.27453271028037385,1.5208324017350088,LUNCH BAG CARS BLUE,WHITE HANGING HEART T-LIGHT HOLDER
22149,85123A,0.012898024989923419,0.26987951807228916,1.4950550527468727,FELTCRAFT 6 FLOWER FRIENDS,WHITE HANGING HEART T-LIGHT HOLDER
21843,85123A,0.013819312489203662,0.26785714285714285,1.4838516746411483,RED RETROSPOT CAKE STAND,WHITE HANGING HEART T-LIGHT HOLDER
21790,85123A,0.014625439051073877,0.26765015806111697,1.4827050382926374,VINTAGE SNAP CARDS,WHITE HANGING HEART T-LIGHT HOLDER
21080,85123A,0.01641043358092935,0.2658582089552239,1.4727781546811396,SET/20 RED RETROSPOT PAPER NAPKINS ,WHITE HANGING HEART T-LIGHT HOLDER
22197,85123A,0.013819312489203662,0.26548672566371684,1.4707202438921116,SMALL POPCORN HOLDER,WHITE HANGING HEART T-LIGHT HOLDER
21931,85123A,0.017043818736684518,0.2624113475177305,1.4536835318470256,JUMBO STORAGE BAG SUKI,WHITE HANGING HEART T-LIGHT HOLDER
85099B,85123A,0.027408303103587262,0.26125137211855104,1.447257601142863,JUMBO BAG RED RETROSPOT,WHITE HANGING HEART T-LIGHT HOLDER
21034,85123A,0.01566188748776415,0.2588011417697431,1.4336840284258783,REX CASH+CARRY JUMBO SHOPPER,WHITE HANGING HEART T-LIGHT HOLDER
85099C,85123A,0.013876892957908678,0.25858369098712447,1.432479413516233,JUMBO  BAG BAROQUE BLACK WHITE,WHITE HANGING HEART T-LIGHT HOLDER
22086,85123A,0.01335866873956354,0.25217391304347825,1.3969710838360723,PAPER CHAIN KIT 50'S CHRISTMAS ,WHITE HANGING HEART T-LIGHT HOLDER
22386,85123A,0.013876892957908678,0.24392712550607287,1.351286248377661,JUMBO BAG PINK POLKADOT,WHITE HANGING HEART T-LIGHT HOLDER
22139,85123A,0.013992053895318707,0.2403560830860534,1.3315036985503954,RETROSPOT TEA SET CERAMIC 11 PC ,WHITE HANGING HEART T-LIGHT HOLDER
22382,85123A,0.012437381240283296,0.23101604278074866,1.2797625566102908,LUNCH BAG SPACEBOY DESIGN ,WHITE HANGING HEART T-LIGHT HOLDER
22411,85123A,0.012207059365463235,0.20948616600790515,1.1604932201146057,JUMBO SHOPPER VINTAGE RED PAISLEY,WHITE HANGING HEART T-LIGHT HOLDER
22423,85123A,0.02176541717049577,0.20918649695628114,1.1588331395980014,REGENCY CAKESTAND 3 TIER,WHITE HANGING HEART T-LIGHT HOLDER
